{
  "Defaults": {
    "IndividualAttributes": {
      "MigrationHeterogeneityDistribution1": 1,
      "MigrationHeterogeneityDistribution2": 0,
      "MigrationHeterogeneityDistributionFlag": 0,
      "MortalityDistribution": {
        "AxisNames": [
          "gender",
          "age"
        ],
        "AxisScaleFactors": [
          1,
          365
        ],
        "AxisUnits": [
          "male=0,female=1",
          "years"
        ],
        "NumDistributionAxes": 2,
        "NumPopulationGroups": [
          2,
          1
        ],
        "PopulationGroups": [
          [
            0,
            1
          ],
          [
            0
          ]
        ],
        "ResultScaleFactor": 2.74E-06,
        "ResultUnits": "annual deaths per 1000 individuals",
        "ResultValues": [
          [
            38.953
          ],
          [
            38.953
          ]
        ]
      },
      "PrevalenceDistribution1": 0.13,
      "PrevalenceDistribution2": 0.15,
      "PrevalenceDistributionFlag": 1,
      "RiskDistribution1": 1,
      "RiskDistribution2": 0,
      "RiskDistributionFlag": 0,
      "SusceptibilityDistribution1": 1,
      "SusceptibilityDistribution2": 0,
      "SusceptibilityDistributionFlag": 0
    },
    "NodeAttributes": {
      "AbovePoverty": 0.5,
      "Airport": 0,
      "Altitude": 0,
      "BirthRateSource": "World Bank",
      "CountryBirthRate": 38.953,
      "Region": 1,
      "Seaport": 0,
      "Urban": 0,
      "World Bank Year": "2016"
    }
  },
  "Metadata": {
    "Author": "idm",
    "DateCreated": "2022-07-02 02:25:51.931675",
    "IdReference": "Custom user",
    "NodeCount": 1,
    "Resolution": 30,
    "Tool": "dtk-tools"
  },
  "Nodes": [
    {
      "IndividualAttributes": {
        "AgeDistribution": {
          "DistributionValues": [
            [
              0.0,
              0.092899932173713048,
              0.17734532085912083,
              0.2541055566894177,
              0.32388001622216794,
              0.38723671164885526,
              0.44489398986449274,
              0.49730404892066787,
              0.544944402962544,
              0.5882491126100986,
              0.62761260468038238,
              0.663393083908462,
              0.69591728705222589,
              0.7254500424802286,
              0.75232660832677,
              0.77675701813209219,
              0.79896376224260612,
              0.819149534542939,
              0.83749825022217117,
              0.85417708827619288,
              0.86933791094464363,
              0.88310408728948342,
              0.89563215436774635,
              0.90702007262434559,
              0.9173715999220482,
              0.9267809558327964,
              0.93533389994575467,
              0.943108464714235,
              0.95017548530975127,
              0.956592511593445,
              0.96243229876305336,
              0.96774058532071161,
              0.97256577934100041,
              0.97695184392108991,
              0.98093874153189553,
              0.98456274859544646,
              0.987856921383184,
              0.99084810876512242,
              0.99357026897659628,
              0.99604469065792833,
              0.99829388071139846,
              0.99999999999999811,
              0.99999999999999811,
              0.99999999999999811,
              0.99999999999999811,
              0.99999999999999811,
              0.99999999999999811,
              0.99999999999999811,
              0.99999999999999811,
              0.99999999999999811
            ]
          ],
          "ResultScaleFactor": 1,
          "ResultValues": [
            [
              0.0,
              894.0,
              1788.0,
              2682.0,
              3576.0,
              4469.0,
              5363.0,
              6257.0,
              7151.0,
              8045.0,
              8939.0,
              9833.0,
              10727.0,
              11620.0,
              12514.0,
              13408.0,
              14302.0,
              15196.0,
              16090.0,
              16984.0,
              17878.0,
              18771.0,
              19665.0,
              20559.0,
              21453.0,
              22347.0,
              23241.0,
              24135.0,
              25029.0,
              25922.0,
              26816.0,
              27710.0,
              28604.0,
              29498.0,
              30392.0,
              31286.0,
              32180.0,
              33073.0,
              33967.0,
              34861.0,
              35755.0,
              36649.0,
              37543.0,
              38437.0,
              39331.0,
              40224.0,
              41118.0,
              42012.0,
              42906.0,
              43800.0
            ]
          ]
        }
      },
      "NodeAttributes": {
        "BirthRate": 0.14940876712328766,
        "InitialPopulation": 1400,
        "Latitude": -18.6155,
        "Longitude": 32.673,
        "Village": "Mutasa"
      },
      "NodeID": 1
    }
  ]
}